column_1,column_2,cosine_similarity,euclidean_distance,distance_anns
UNIPROT_PROTEIN_CATALYST.tsv:Protein.proID,UNIPROT_PROTEIN_COFACTOR.tsv:Protein.proID,0.9979927928899106,0.06335940584772794,0.55415606
UNIPROT_PROTEIN_COFACTOR.tsv:Protein.proID,UNIPROT_PROTEIN_CATALYST.tsv:Protein.proID,0.9979927928899106,0.06335940584772794,0.61958075
STRING_PRO_ONTOLOGY_MAP.tsv:Protein.proID,UNIPROT_PROTEIN_CATALYST.tsv:Protein.proID,0.9969948516910391,0.07752610185466954,0.6116681
UNIPROT_PROTEIN_CATALYST.tsv:Protein.proID,STRING_PRO_ONTOLOGY_MAP.tsv:Protein.proID,0.9969948516910391,0.07752610185466954,0.6807482
STRING_PRO_ONTOLOGY_MAP.tsv:Protein.proID,UNIPROT_PROTEIN_COFACTOR.tsv:Protein.proID,0.996588603499538,0.08260020092947061,0.5439069
UNIPROT_PROTEIN_COFACTOR.tsv:Protein.proID,STRING_PRO_ONTOLOGY_MAP.tsv:Protein.proID,0.996588603499538,0.08260020092947061,0.6834415
UNIPROT_ACCESSION_PRO_ONTOLOGY_MAP.tsv:Protein.proID,UNIPROT_PROTEIN_CATALYST.tsv:Protein.proID,0.9928906679958442,0.11924203689144817,0.6307879
UNIPROT_PROTEIN_CATALYST.tsv:Protein.proID,UNIPROT_ACCESSION_PRO_ONTOLOGY_MAP.tsv:Protein.proID,0.9928906679958442,0.11924203689144817,0.6486551
STRING_PRO_ONTOLOGY_MAP.tsv:Protein.proID,UNIPROT_ACCESSION_PRO_ONTOLOGY_MAP.tsv:Protein.proID,0.9917395400404864,0.12853372813210184,0.64456856
UNIPROT_ACCESSION_PRO_ONTOLOGY_MAP.tsv:Protein.proID,STRING_PRO_ONTOLOGY_MAP.tsv:Protein.proID,0.9917395400404864,0.12853372813210184,0.71297026
UNIPROT_ACCESSION_PRO_ONTOLOGY_MAP.tsv:Protein.proID,UNIPROT_PROTEIN_COFACTOR.tsv:Protein.proID,0.9916246910417839,0.12942417874463205,0.5883492
UNIPROT_PROTEIN_COFACTOR.tsv:Protein.proID,UNIPROT_ACCESSION_PRO_ONTOLOGY_MAP.tsv:Protein.proID,0.9916246910417839,0.12942417874463205,0.6541702
ENSEMBL_GENE_ENTREZ_GENE_MAP.tsv:Gene.type.3,ENSEMBL_GENE_ENTREZ_GENE_MAP.tsv:Gene.type.2,0.973760013556629,0.22908507754701296,0.4167726
ENSEMBL_GENE_ENTREZ_GENE_MAP.tsv:Gene.type.2,ENSEMBL_GENE_ENTREZ_GENE_MAP.tsv:Gene.type.3,0.973760013556629,0.22908507754701296,0.45182636
ENSEMBL_GENE_ENTREZ_GENE_MAP.tsv:Gene.type.1,ENSEMBL_GENE_ENTREZ_GENE_MAP.tsv:Gene.type,0.9585303872527889,0.2879917079627501,0.09772494
ENSEMBL_GENE_ENTREZ_GENE_MAP.tsv:Gene.type,ENSEMBL_GENE_ENTREZ_GENE_MAP.tsv:Gene.type.1,0.9585303872527889,0.2879917079627501,0.17513101
ENSEMBL_GENE_ENTREZ_GENE_MAP.tsv:Gene.type.3,ENSEMBL_GENE_ENTREZ_GENE_MAP.tsv:Gene.type.1,0.9511375370550054,0.31260986699290755,0.15837601
ENSEMBL_GENE_ENTREZ_GENE_MAP.tsv:Gene.type.1,ENSEMBL_GENE_ENTREZ_GENE_MAP.tsv:Gene.type.3,0.9511375370550054,0.31260986699290755,0.41328445
ENSEMBL_GENE_ENTREZ_GENE_MAP.tsv:Gene.type.2,ENSEMBL_GENE_ENTREZ_GENE_MAP.tsv:Gene.type.1,0.9497349236689966,0.31706489581821207,0.17513101
ENSEMBL_GENE_ENTREZ_GENE_MAP.tsv:Gene.type.1,ENSEMBL_GENE_ENTREZ_GENE_MAP.tsv:Gene.type.2,0.9497349236689966,0.31706489581821207,0.38671428
MESH_CHEBI_MAP.tsv:Chemical.chebiID,UNIPROT_PROTEIN_CATALYST.tsv:Catalyst.chebiID,0.9326271857062151,0.3670771548110751,0.61958075
UNIPROT_PROTEIN_CATALYST.tsv:Catalyst.chebiID,MESH_CHEBI_MAP.tsv:Chemical.chebiID,0.9326271857062151,0.3670771548110751,0.7831178
STRING_PRO_ONTOLOGY_MAP.tsv:Protein.proID,UNIPROT_ACCESSION_PRO_ONTOLOGY_MAP.tsv:Protein.uniprotID,0.9222108025434671,0.3944342643586659,0.6377014
UNIPROT_ACCESSION_PRO_ONTOLOGY_MAP.tsv:Protein.uniprotID,STRING_PRO_ONTOLOGY_MAP.tsv:Protein.proID,0.9222108025434671,0.3944342643586659,0.6668844
ENSEMBL_GENE_ENTREZ_GENE_MAP.tsv:Gene.type.3,ENSEMBL_GENE_ENTREZ_GENE_MAP.tsv:Gene.type,0.9208119998156478,0.3979648275067358,0.09772494
ENSEMBL_GENE_ENTREZ_GENE_MAP.tsv:Gene.type,ENSEMBL_GENE_ENTREZ_GENE_MAP.tsv:Gene.type.3,0.9208119998156478,0.3979648275067358,0.43714333
UNIPROT_ACCESSION_PRO_ONTOLOGY_MAP.tsv:Protein.uniprotID,UNIPROT_PROTEIN_CATALYST.tsv:Protein.proID,0.9193296226400897,0.4016724380798911,0.61972755
UNIPROT_PROTEIN_CATALYST.tsv:Protein.proID,UNIPROT_ACCESSION_PRO_ONTOLOGY_MAP.tsv:Protein.uniprotID,0.9193296226400897,0.4016724380798911,0.64250946
UNIPROT_ACCESSION_PRO_ONTOLOGY_MAP.tsv:Protein.uniprotID,UNIPROT_PROTEIN_COFACTOR.tsv:Protein.proID,0.917457832275994,0.40630571843397684,0.533587
UNIPROT_PROTEIN_COFACTOR.tsv:Protein.proID,UNIPROT_ACCESSION_PRO_ONTOLOGY_MAP.tsv:Protein.uniprotID,0.917457832275994,0.40630571843397684,0.6496387
UNIPROT_ACCESSION_PRO_ONTOLOGY_MAP.tsv:Protein.uniprotID,UNIPROT_ACCESSION_PRO_ONTOLOGY_MAP.tsv:Protein.proID,0.9135400443731083,0.41583638729879546,0.64033407
UNIPROT_ACCESSION_PRO_ONTOLOGY_MAP.tsv:Protein.proID,UNIPROT_ACCESSION_PRO_ONTOLOGY_MAP.tsv:Protein.uniprotID,0.9135400443731083,0.41583638729879546,0.672601
ENSEMBL_GENE_ENTREZ_GENE_MAP.tsv:Gene.type.2,ENSEMBL_GENE_ENTREZ_GENE_MAP.tsv:Gene.type,0.9124344919462374,0.41848656697390624,0.10053015
ENSEMBL_GENE_ENTREZ_GENE_MAP.tsv:Gene.type,ENSEMBL_GENE_ENTREZ_GENE_MAP.tsv:Gene.type.2,0.9124344919462374,0.41848656697390624,0.41970804
STRING_PRO_ONTOLOGY_MAP.tsv:Protein.ensemblID,ENSEMBL_GENE_ENTREZ_GENE_MAP.tsv:Gene.ensemblID,0.9119275911099269,0.4196961121402175,0.0
ENSEMBL_GENE_ENTREZ_GENE_MAP.tsv:Gene.ensemblID,STRING_PRO_ONTOLOGY_MAP.tsv:Protein.ensemblID,0.9119275911099269,0.4196961121402175,0.6220238
UNIPROT_PROTEIN_CATALYST.tsv:Catalyst.chebiID,UNIPROT_PROTEIN_COFACTOR.tsv:Cofactor.chebiID,0.9014491231779,0.44396145061460435,0.67511684
UNIPROT_PROTEIN_COFACTOR.tsv:Cofactor.chebiID,UNIPROT_PROTEIN_CATALYST.tsv:Catalyst.chebiID,0.9014491231779,0.44396145061460435,0.694481
MESH_CHEBI_MAP.tsv:Chemical.chebiID,UNIPROT_PROTEIN_COFACTOR.tsv:Cofactor.chebiID,0.8992911071152501,0.44879594113658733,0.6131394
UNIPROT_PROTEIN_COFACTOR.tsv:Cofactor.chebiID,MESH_CHEBI_MAP.tsv:Chemical.chebiID,0.8992911071152501,0.44879594113658733,0.8276881
ENSEMBL_GENE_ENTREZ_GENE_MAP.tsv:Gene.EntrezID,ENSEMBL_GENE_ENTREZ_GENE_MAP.tsv:Gene.ensemblID,0.8851049272932666,0.47936431258410717,0.0
ENSEMBL_GENE_ENTREZ_GENE_MAP.tsv:Gene.ensemblID,ENSEMBL_GENE_ENTREZ_GENE_MAP.tsv:Gene.EntrezID,0.8851049272932666,0.47936431258410717,0.17614484
STRING_PRO_ONTOLOGY_MAP.tsv:Protein.ensemblID,STRING_PRO_ONTOLOGY_MAP.tsv:Protein.proID,0.8538195848064447,0.5407040227893588,0.6512046
STRING_PRO_ONTOLOGY_MAP.tsv:Protein.proID,STRING_PRO_ONTOLOGY_MAP.tsv:Protein.ensemblID,0.8538195848064447,0.5407040227893588,0.6747755
STRING_PRO_ONTOLOGY_MAP.tsv:Protein.ensemblID,UNIPROT_PROTEIN_CATALYST.tsv:Protein.proID,0.8514873109913202,0.5450003543672944,0.5681379
UNIPROT_PROTEIN_CATALYST.tsv:Protein.proID,STRING_PRO_ONTOLOGY_MAP.tsv:Protein.ensemblID,0.8514873109913202,0.5450003543672944,0.67808604
STRING_PRO_ONTOLOGY_MAP.tsv:Protein.ensemblID,UNIPROT_ACCESSION_PRO_ONTOLOGY_MAP.tsv:Protein.uniprotID,0.8513067497072796,0.5453315548585413,0.57760906
UNIPROT_ACCESSION_PRO_ONTOLOGY_MAP.tsv:Protein.uniprotID,STRING_PRO_ONTOLOGY_MAP.tsv:Protein.ensemblID,0.8513067497072796,0.5453315548585413,0.66028583
STRING_PRO_ONTOLOGY_MAP.tsv:Protein.ensemblID,UNIPROT_PROTEIN_COFACTOR.tsv:Protein.proID,0.8499922867494961,0.5477366618582857,0.38420323
UNIPROT_PROTEIN_COFACTOR.tsv:Protein.proID,STRING_PRO_ONTOLOGY_MAP.tsv:Protein.ensemblID,0.8499922867494961,0.5477366618582857,0.6809153
STRING_PRO_ONTOLOGY_MAP.tsv:Protein.ensemblID,UNIPROT_ACCESSION_PRO_ONTOLOGY_MAP.tsv:Protein.proID,0.8433141238163733,0.5597961740513703,0.5884578
UNIPROT_ACCESSION_PRO_ONTOLOGY_MAP.tsv:Protein.proID,STRING_PRO_ONTOLOGY_MAP.tsv:Protein.ensemblID,0.8433141238163733,0.5597961740513703,0.694481
MESH_CHEBI_MAP.tsv:Chemical.chebiID,MESH_CHEBI_MAP.tsv:Chemical.meshID,0.8317702766742034,0.5800512639639704,0.6911223
MESH_CHEBI_MAP.tsv:Chemical.meshID,MESH_CHEBI_MAP.tsv:Chemical.chebiID,0.8317702766742034,0.5800512639639704,0.73096704
STRING_PRO_ONTOLOGY_MAP.tsv:Protein.ensemblID,ENSEMBL_GENE_ENTREZ_GENE_MAP.tsv:Gene.EntrezID,0.8078983833612213,0.6198413065182944,0.17614484
ENSEMBL_GENE_ENTREZ_GENE_MAP.tsv:Gene.EntrezID,STRING_PRO_ONTOLOGY_MAP.tsv:Protein.ensemblID,0.8078983833612213,0.6198413065182944,0.6826553
ENSEMBL_GENE_ENTREZ_GENE_MAP.tsv:Gene.type.1,ENSEMBL_GENE_ENTREZ_GENE_MAP.tsv:Gene.type.4,0.8066428807018152,0.6218635341797343,0.4340859
ENSEMBL_GENE_ENTREZ_GENE_MAP.tsv:Gene.type.4,ENSEMBL_GENE_ENTREZ_GENE_MAP.tsv:Gene.type.1,0.8066428807018152,0.6218635341797343,0.43679756
PHENOTYPE_HPO_MAP.tsv:Phenotype.hpoID,PHENOTYPE_HPO_MAP.tsv:Phenotype.umls,0.8059582672022244,0.6229634685916338,0.77350706
PHENOTYPE_HPO_MAP.tsv:Phenotype.umls,PHENOTYPE_HPO_MAP.tsv:Phenotype.hpoID,0.8059582672022244,0.6229634685916338,0.8220662
ENSEMBL_GENE_ENTREZ_GENE_MAP.tsv:Gene.type.1,ENSEMBL_GENE_ENTREZ_GENE_MAP.tsv:Gene.ensemblID,0.7933577597851469,0.6428720563792212,0.0
ENSEMBL_GENE_ENTREZ_GENE_MAP.tsv:Gene.ensemblID,ENSEMBL_GENE_ENTREZ_GENE_MAP.tsv:Gene.type.1,0.7933577597851469,0.6428720563792212,0.41328445
MESH_CHEBI_MAP.tsv:Chemical.meshID,UNIPROT_PROTEIN_CATALYST.tsv:Catalyst.chebiID,0.7919064810007821,0.6451256284117877,0.672601
UNIPROT_PROTEIN_CATALYST.tsv:Catalyst.chebiID,MESH_CHEBI_MAP.tsv:Chemical.meshID,0.7919064810007821,0.6451256284117877,0.74743116
ENSEMBL_GENE_ENTREZ_GENE_MAP.tsv:Gene.type.3,ENSEMBL_GENE_ENTREZ_GENE_MAP.tsv:Gene.type.4,0.7916137379115307,0.6455792434891092,0.46864745
ENSEMBL_GENE_ENTREZ_GENE_MAP.tsv:Gene.type.4,ENSEMBL_GENE_ENTREZ_GENE_MAP.tsv:Gene.type.3,0.7916137379115307,0.6455792434891092,0.71571094
ENSEMBL_GENE_ENTREZ_GENE_MAP.tsv:Gene.type,ENSEMBL_GENE_ENTREZ_GENE_MAP.tsv:Gene.ensemblID,0.7901459803609825,0.6478487756165484,0.0
ENSEMBL_GENE_ENTREZ_GENE_MAP.tsv:Gene.ensemblID,ENSEMBL_GENE_ENTREZ_GENE_MAP.tsv:Gene.type,0.7901459803609825,0.6478487756165484,0.22979015
ENSEMBL_GENE_ENTREZ_GENE_MAP.tsv:Gene.type.1,ENSEMBL_GENE_ENTREZ_GENE_MAP.tsv:Gene.EntrezID,0.7829570489905813,0.6588519518288236,0.08293922
ENSEMBL_GENE_ENTREZ_GENE_MAP.tsv:Gene.EntrezID,ENSEMBL_GENE_ENTREZ_GENE_MAP.tsv:Gene.type.1,0.7829570489905813,0.6588519518288236,0.4340859
ENSEMBL_GENE_ENTREZ_GENE_MAP.tsv:Gene.type.4,ENSEMBL_GENE_ENTREZ_GENE_MAP.tsv:Gene.type.2,0.7816012312344088,0.6609066057189257,0.43714333
ENSEMBL_GENE_ENTREZ_GENE_MAP.tsv:Gene.type.2,ENSEMBL_GENE_ENTREZ_GENE_MAP.tsv:Gene.type.4,0.7816012312344088,0.6609066057189257,0.47149113
ENSEMBL_GENE_ENTREZ_GENE_MAP.tsv:Gene.type.4,ENSEMBL_GENE_ENTREZ_GENE_MAP.tsv:Gene.type,0.7814283272018687,0.661168178671213,0.4167726
ENSEMBL_GENE_ENTREZ_GENE_MAP.tsv:Gene.type,ENSEMBL_GENE_ENTREZ_GENE_MAP.tsv:Gene.type.4,0.7814283272018687,0.661168178671213,0.4572159
ENSEMBL_GENE_ENTREZ_GENE_MAP.tsv:Gene.type.3,ENSEMBL_GENE_ENTREZ_GENE_MAP.tsv:Gene.ensemblID,0.7750872796927691,0.6706902862789956,0.0
ENSEMBL_GENE_ENTREZ_GENE_MAP.tsv:Gene.ensemblID,ENSEMBL_GENE_ENTREZ_GENE_MAP.tsv:Gene.type.3,0.7750872796927691,0.6706902862789956,0.44982547
ENSEMBL_GENE_ENTREZ_GENE_MAP.tsv:Gene.type.2,ENSEMBL_GENE_ENTREZ_GENE_MAP.tsv:Gene.ensemblID,0.7740867963694164,0.6721803273688602,0.0
ENSEMBL_GENE_ENTREZ_GENE_MAP.tsv:Gene.ensemblID,ENSEMBL_GENE_ENTREZ_GENE_MAP.tsv:Gene.type.2,0.7740867963694164,0.6721803273688602,0.41970804
ENSEMBL_GENE_ENTREZ_GENE_MAP.tsv:Gene.type,ENSEMBL_GENE_ENTREZ_GENE_MAP.tsv:Gene.EntrezID,0.7713920199400666,0.6761774531419198,0.08293922
ENSEMBL_GENE_ENTREZ_GENE_MAP.tsv:Gene.EntrezID,ENSEMBL_GENE_ENTREZ_GENE_MAP.tsv:Gene.type,0.7713920199400666,0.6761774531419198,0.38420323
ENSEMBL_GENE_ENTREZ_GENE_MAP.tsv:Gene.type.3,ENSEMBL_GENE_ENTREZ_GENE_MAP.tsv:Gene.EntrezID,0.7656762781001323,0.6845783048070644,0.052479975
ENSEMBL_GENE_ENTREZ_GENE_MAP.tsv:Gene.EntrezID,ENSEMBL_GENE_ENTREZ_GENE_MAP.tsv:Gene.type.3,0.7656762781001323,0.6845783048070644,0.46864745
ENSEMBL_GENE_ENTREZ_GENE_MAP.tsv:Gene.type.2,ENSEMBL_GENE_ENTREZ_GENE_MAP.tsv:Gene.EntrezID,0.764254425602081,0.6866521132595157,0.052479975
ENSEMBL_GENE_ENTREZ_GENE_MAP.tsv:Gene.EntrezID,ENSEMBL_GENE_ENTREZ_GENE_MAP.tsv:Gene.type.2,0.764254425602081,0.6866521132595157,0.4572159
UNIPROT_ACCESSION_PRO_ONTOLOGY_MAP.tsv:Protein.uniprotID,ENSEMBL_GENE_ENTREZ_GENE_MAP.tsv:Gene.ensemblID,0.7560149608084461,0.6985485432859776,0.0
ENSEMBL_GENE_ENTREZ_GENE_MAP.tsv:Gene.ensemblID,UNIPROT_ACCESSION_PRO_ONTOLOGY_MAP.tsv:Protein.uniprotID,0.7560149608084461,0.6985485432859776,0.5336977
MESH_CHEBI_MAP.tsv:Chemical.meshID,UNIPROT_PROTEIN_COFACTOR.tsv:Cofactor.chebiID,0.7484457281929574,0.709301476094238,0.66156125
UNIPROT_PROTEIN_COFACTOR.tsv:Cofactor.chebiID,MESH_CHEBI_MAP.tsv:Chemical.meshID,0.7484457281929574,0.709301476094238,0.8220662
STRING_PRO_ONTOLOGY_MAP.tsv:Protein.proID,ENSEMBL_GENE_ENTREZ_GENE_MAP.tsv:Gene.ensemblID,0.7445982594207212,0.7147051697912893,0.0
ENSEMBL_GENE_ENTREZ_GENE_MAP.tsv:Gene.ensemblID,STRING_PRO_ONTOLOGY_MAP.tsv:Protein.proID,0.7445982594207212,0.7147051697912893,0.627195
UNIPROT_PROTEIN_CATALYST.tsv:Protein.proID,ENSEMBL_GENE_ENTREZ_GENE_MAP.tsv:Gene.ensemblID,0.74119099635478,0.7194567413843947,0.0
ENSEMBL_GENE_ENTREZ_GENE_MAP.tsv:Gene.ensemblID,UNIPROT_PROTEIN_CATALYST.tsv:Protein.proID,0.74119099635478,0.7194567413843947,0.517618
UNIPROT_PROTEIN_COFACTOR.tsv:Protein.proID,ENSEMBL_GENE_ENTREZ_GENE_MAP.tsv:Gene.ensemblID,0.738450702827403,0.7232555685796812,0.0
ENSEMBL_GENE_ENTREZ_GENE_MAP.tsv:Gene.ensemblID,UNIPROT_PROTEIN_COFACTOR.tsv:Protein.proID,0.738450702827403,0.7232555685796812,0.48797002
UNIPROT_ACCESSION_PRO_ONTOLOGY_MAP.tsv:Protein.uniprotID,ENSEMBL_GENE_ENTREZ_GENE_MAP.tsv:Gene.EntrezID,0.7332065064556057,0.7304703724973506,0.15557839
ENSEMBL_GENE_ENTREZ_GENE_MAP.tsv:Gene.EntrezID,UNIPROT_ACCESSION_PRO_ONTOLOGY_MAP.tsv:Protein.uniprotID,0.7332065064556057,0.7304703724973506,0.5883492
UNIPROT_ACCESSION_PRO_ONTOLOGY_MAP.tsv:Protein.proID,ENSEMBL_GENE_ENTREZ_GENE_MAP.tsv:Gene.ensemblID,0.7331511373898508,0.7305461742482972,0.0
ENSEMBL_GENE_ENTREZ_GENE_MAP.tsv:Gene.ensemblID,UNIPROT_ACCESSION_PRO_ONTOLOGY_MAP.tsv:Protein.proID,0.7331511373898508,0.7305461742482972,0.5860103
STRING_PRO_ONTOLOGY_MAP.tsv:Protein.proID,ENSEMBL_GENE_ENTREZ_GENE_MAP.tsv:Gene.EntrezID,0.7280465297116356,0.7375004603100717,0.0060102968
ENSEMBL_GENE_ENTREZ_GENE_MAP.tsv:Gene.EntrezID,STRING_PRO_ONTOLOGY_MAP.tsv:Protein.proID,0.7280465297116356,0.7375004603100717,0.68556297
UNIPROT_PROTEIN_CATALYST.tsv:Protein.proID,ENSEMBL_GENE_ENTREZ_GENE_MAP.tsv:Gene.EntrezID,0.7229219675078657,0.7444165835138986,0.0040144147
ENSEMBL_GENE_ENTREZ_GENE_MAP.tsv:Gene.EntrezID,UNIPROT_PROTEIN_CATALYST.tsv:Protein.proID,0.7229219675078657,0.7444165835138986,0.55415606
STRING_PRO_ONTOLOGY_MAP.tsv:Protein.ensemblID,ENSEMBL_GENE_ENTREZ_GENE_MAP.tsv:Gene.type.1,0.7210756676536147,0.7468926868666935,0.29702538
ENSEMBL_GENE_ENTREZ_GENE_MAP.tsv:Gene.type.1,STRING_PRO_ONTOLOGY_MAP.tsv:Protein.ensemblID,0.7210756676536147,0.7468926868666935,0.6911223
UNIPROT_PROTEIN_COFACTOR.tsv:Protein.proID,ENSEMBL_GENE_ENTREZ_GENE_MAP.tsv:Gene.EntrezID,0.7196483381512251,0.7488012674209387,0.0040144147
ENSEMBL_GENE_ENTREZ_GENE_MAP.tsv:Gene.EntrezID,UNIPROT_PROTEIN_COFACTOR.tsv:Protein.proID,0.7196483381512251,0.7488012674209387,0.533587
STRING_PRO_ONTOLOGY_MAP.tsv:Protein.ensemblID,ENSEMBL_GENE_ENTREZ_GENE_MAP.tsv:Gene.type,0.7159310589378081,0.7537492278992739,0.2923608
ENSEMBL_GENE_ENTREZ_GENE_MAP.tsv:Gene.type,STRING_PRO_ONTOLOGY_MAP.tsv:Protein.ensemblID,0.7159310589378081,0.7537492278992739,0.73893106
STRING_PRO_ONTOLOGY_MAP.tsv:Protein.ensemblID,ENSEMBL_GENE_ENTREZ_GENE_MAP.tsv:Gene.type.3,0.7135420944170457,0.7569120536426345,0.30001545
ENSEMBL_GENE_ENTREZ_GENE_MAP.tsv:Gene.type.3,STRING_PRO_ONTOLOGY_MAP.tsv:Protein.ensemblID,0.7135420944170457,0.7569120536426345,0.7020483
STRING_PRO_ONTOLOGY_MAP.tsv:Protein.ensemblID,MESH_CHEBI_MAP.tsv:Chemical.chebiID,0.7111954979542198,0.7600059477870238,0.6224017
MESH_CHEBI_MAP.tsv:Chemical.chebiID,STRING_PRO_ONTOLOGY_MAP.tsv:Protein.ensemblID,0.7111954979542198,0.7600059477870238,0.7123691
PHENOTYPE_HPO_MAP.tsv:Phenotype.umls,ENSEMBL_GENE_ENTREZ_GENE_MAP.tsv:Gene.type.1,0.710625234567834,0.7607559187146127,0.59296453
ENSEMBL_GENE_ENTREZ_GENE_MAP.tsv:Gene.type.1,PHENOTYPE_HPO_MAP.tsv:Phenotype.umls,0.710625234567834,0.7607559187146127,0.7831178
MESH_CHEBI_MAP.tsv:Chemical.chebiID,ENSEMBL_GENE_ENTREZ_GENE_MAP.tsv:Gene.ensemblID,0.7069948820590723,0.765513064265068,0.0
ENSEMBL_GENE_ENTREZ_GENE_MAP.tsv:Gene.ensemblID,MESH_CHEBI_MAP.tsv:Chemical.chebiID,0.7069948820590723,0.765513064265068,0.6160532
UNIPROT_ACCESSION_PRO_ONTOLOGY_MAP.tsv:Protein.proID,ENSEMBL_GENE_ENTREZ_GENE_MAP.tsv:Gene.EntrezID,0.7058253669616346,0.7670392697672546,0.014218664
ENSEMBL_GENE_ENTREZ_GENE_MAP.tsv:Gene.EntrezID,UNIPROT_ACCESSION_PRO_ONTOLOGY_MAP.tsv:Protein.proID,0.7058253669616346,0.7670392697672546,0.6143355
STRING_PRO_ONTOLOGY_MAP.tsv:Protein.ensemblID,MESH_CHEBI_MAP.tsv:Chemical.meshID,0.7057711125543242,0.767110048958623,0.5955342
MESH_CHEBI_MAP.tsv:Chemical.meshID,STRING_PRO_ONTOLOGY_MAP.tsv:Protein.ensemblID,0.7057711125543242,0.767110048958623,0.7572981
PHENOTYPE_HPO_MAP.tsv:Phenotype.umls,ENSEMBL_GENE_ENTREZ_GENE_MAP.tsv:Gene.type,0.7035177371199438,0.770041919957629,0.57874954
ENSEMBL_GENE_ENTREZ_GENE_MAP.tsv:Gene.type,PHENOTYPE_HPO_MAP.tsv:Phenotype.umls,0.7035177371199438,0.770041919957629,0.8266861
STRING_PRO_ONTOLOGY_MAP.tsv:Protein.ensemblID,ENSEMBL_GENE_ENTREZ_GENE_MAP.tsv:Gene.type.2,0.7022329325369616,0.7717085831154629,0.2973865
ENSEMBL_GENE_ENTREZ_GENE_MAP.tsv:Gene.type.2,STRING_PRO_ONTOLOGY_MAP.tsv:Protein.ensemblID,0.7022329325369616,0.7717085831154629,0.73500466
MESH_CHEBI_MAP.tsv:Chemical.meshID,ENSEMBL_GENE_ENTREZ_GENE_MAP.tsv:Gene.ensemblID,0.698769820934822,0.7761832191320265,0.0
ENSEMBL_GENE_ENTREZ_GENE_MAP.tsv:Gene.ensemblID,MESH_CHEBI_MAP.tsv:Chemical.meshID,0.698769820934822,0.7761832191320265,0.6024604
PHENOTYPE_HPO_MAP.tsv:Phenotype.hpoID,STRING_PRO_ONTOLOGY_MAP.tsv:Protein.proID,0.6987444192860356,0.7762159114941786,0.72949445
STRING_PRO_ONTOLOGY_MAP.tsv:Protein.proID,PHENOTYPE_HPO_MAP.tsv:Phenotype.hpoID,0.6987444192860356,0.7762159114941786,0.94599855
PHENOTYPE_HPO_MAP.tsv:Phenotype.hpoID,UNIPROT_PROTEIN_CATALYST.tsv:Protein.proID,0.6984502700089888,0.7765947695940753,0.65068525
UNIPROT_PROTEIN_CATALYST.tsv:Protein.proID,PHENOTYPE_HPO_MAP.tsv:Phenotype.hpoID,0.6984502700089888,0.7765947695940753,0.9345498
MESH_CHEBI_MAP.tsv:Chemical.chebiID,UNIPROT_ACCESSION_PRO_ONTOLOGY_MAP.tsv:Protein.uniprotID,0.698233648867098,0.7768736684813357,0.6307879
UNIPROT_ACCESSION_PRO_ONTOLOGY_MAP.tsv:Protein.uniprotID,MESH_CHEBI_MAP.tsv:Chemical.chebiID,0.698233648867098,0.7768736684813357,0.6555952
PHENOTYPE_HPO_MAP.tsv:Phenotype.hpoID,UNIPROT_PROTEIN_COFACTOR.tsv:Protein.proID,0.697510437766933,0.7778040451594328,0.62919766
UNIPROT_PROTEIN_COFACTOR.tsv:Protein.proID,PHENOTYPE_HPO_MAP.tsv:Phenotype.hpoID,0.697510437766933,0.7778040451594328,0.9377613
PHENOTYPE_HPO_MAP.tsv:Phenotype.umls,ENSEMBL_GENE_ENTREZ_GENE_MAP.tsv:Gene.type.3,0.6948662427689927,0.7811962488802197,0.6160532
ENSEMBL_GENE_ENTREZ_GENE_MAP.tsv:Gene.type.3,PHENOTYPE_HPO_MAP.tsv:Phenotype.umls,0.6948662427689927,0.7811962488802197,0.7959417
STRING_PRO_ONTOLOGY_MAP.tsv:Protein.proID,MESH_CHEBI_MAP.tsv:Chemical.chebiID,0.6941659519571839,0.7820921318293583,0.6710105
MESH_CHEBI_MAP.tsv:Chemical.chebiID,STRING_PRO_ONTOLOGY_MAP.tsv:Protein.proID,0.6941659519571839,0.7820921318293583,0.73500466
MESH_CHEBI_MAP.tsv:Chemical.chebiID,UNIPROT_PROTEIN_CATALYST.tsv:Protein.proID,0.6934302776532135,0.7830322136428816,0.6143355
UNIPROT_PROTEIN_CATALYST.tsv:Protein.proID,MESH_CHEBI_MAP.tsv:Chemical.chebiID,0.6934302776532135,0.7830322136428816,0.67511684
MESH_CHEBI_MAP.tsv:Chemical.chebiID,ENSEMBL_GENE_ENTREZ_GENE_MAP.tsv:Gene.EntrezID,0.6928322323725973,0.7837955985395928,0.13474563
ENSEMBL_GENE_ENTREZ_GENE_MAP.tsv:Gene.EntrezID,MESH_CHEBI_MAP.tsv:Chemical.chebiID,0.6928322323725973,0.7837955985395928,0.65050566
PHENOTYPE_HPO_MAP.tsv:Phenotype.umls,ENSEMBL_GENE_ENTREZ_GENE_MAP.tsv:Gene.ensemblID,0.6919733804111844,0.7848906204180401,0.0
ENSEMBL_GENE_ENTREZ_GENE_MAP.tsv:Gene.ensemblID,PHENOTYPE_HPO_MAP.tsv:Phenotype.umls,0.6919733804111844,0.7848906204180401,0.6845156
MESH_CHEBI_MAP.tsv:Chemical.chebiID,UNIPROT_PROTEIN_COFACTOR.tsv:Protein.proID,0.6902096687274711,0.787134485558086,0.6116681
UNIPROT_PROTEIN_COFACTOR.tsv:Protein.proID,MESH_CHEBI_MAP.tsv:Chemical.chebiID,0.6902096687274711,0.787134485558086,0.6806286
UNIPROT_ACCESSION_PRO_ONTOLOGY_MAP.tsv:Protein.uniprotID,ENSEMBL_GENE_ENTREZ_GENE_MAP.tsv:Gene.type,0.690136216618805,0.7872277559945652,0.16134074
ENSEMBL_GENE_ENTREZ_GENE_MAP.tsv:Gene.type,UNIPROT_ACCESSION_PRO_ONTOLOGY_MAP.tsv:Protein.uniprotID,0.690136216618805,0.7872277559945652,0.6249433
PHENOTYPE_HPO_MAP.tsv:Phenotype.hpoID,ENSEMBL_GENE_ENTREZ_GENE_MAP.tsv:Gene.ensemblID,0.6889880872454249,0.7886848639549644,0.0
ENSEMBL_GENE_ENTREZ_GENE_MAP.tsv:Gene.ensemblID,PHENOTYPE_HPO_MAP.tsv:Phenotype.hpoID,0.6889880872454249,0.7886848639549644,0.71571094
PHENOTYPE_HPO_MAP.tsv:Phenotype.hpoID,STRING_PRO_ONTOLOGY_MAP.tsv:Protein.ensemblID,0.6887991904777209,0.7889243505717105,0.7284893
STRING_PRO_ONTOLOGY_MAP.tsv:Protein.ensemblID,PHENOTYPE_HPO_MAP.tsv:Phenotype.hpoID,0.6887991904777209,0.7889243505717105,0.85053384
STRING_PRO_ONTOLOGY_MAP.tsv:Protein.ensemblID,UNIPROT_PROTEIN_CATALYST.tsv:Catalyst.chebiID,0.6881719884272234,0.7897189874471358,0.5729159
UNIPROT_PROTEIN_CATALYST.tsv:Catalyst.chebiID,STRING_PRO_ONTOLOGY_MAP.tsv:Protein.ensemblID,0.6881719884272234,0.7897189874471358,0.7959417
STRING_PRO_ONTOLOGY_MAP.tsv:Protein.proID,ENSEMBL_GENE_ENTREZ_GENE_MAP.tsv:Gene.type,0.6881225070589155,0.7897815971119392,0.006822793
ENSEMBL_GENE_ENTREZ_GENE_MAP.tsv:Gene.type,STRING_PRO_ONTOLOGY_MAP.tsv:Protein.proID,0.6881225070589155,0.7897815971119392,0.7745706
UNIPROT_PROTEIN_CATALYST.tsv:Protein.proID,ENSEMBL_GENE_ENTREZ_GENE_MAP.tsv:Gene.type,0.6875283271002777,0.7905335712442065,0.0060102968
ENSEMBL_GENE_ENTREZ_GENE_MAP.tsv:Gene.type,UNIPROT_PROTEIN_CATALYST.tsv:Protein.proID,0.6875283271002777,0.7905335712442065,0.61972755
UNIPROT_ACCESSION_PRO_ONTOLOGY_MAP.tsv:Protein.uniprotID,ENSEMBL_GENE_ENTREZ_GENE_MAP.tsv:Gene.type.1,0.6864213787154603,0.7919325859956297,0.16508435
ENSEMBL_GENE_ENTREZ_GENE_MAP.tsv:Gene.type.1,UNIPROT_ACCESSION_PRO_ONTOLOGY_MAP.tsv:Protein.uniprotID,0.6864213787154603,0.7919325859956297,0.6486551
UNIPROT_PROTEIN_CATALYST.tsv:Catalyst.chebiID,ENSEMBL_GENE_ENTREZ_GENE_MAP.tsv:Gene.ensemblID,0.6864025292459098,0.7919564223333365,0.0
ENSEMBL_GENE_ENTREZ_GENE_MAP.tsv:Gene.ensemblID,UNIPROT_PROTEIN_CATALYST.tsv:Catalyst.chebiID,0.6864025292459098,0.7919564223333365,0.5230986
PHENOTYPE_HPO_MAP.tsv:Phenotype.hpoID,UNIPROT_ACCESSION_PRO_ONTOLOGY_MAP.tsv:Protein.proID,0.6854011486606679,0.7932198110409721,0.6772372
UNIPROT_ACCESSION_PRO_ONTOLOGY_MAP.tsv:Protein.proID,PHENOTYPE_HPO_MAP.tsv:Phenotype.hpoID,0.6854011486606679,0.7932198110409721,0.94398576
MESH_CHEBI_MAP.tsv:Chemical.chebiID,UNIPROT_ACCESSION_PRO_ONTOLOGY_MAP.tsv:Protein.proID,0.684606032444483,0.7942215867637932,0.6845703
UNIPROT_ACCESSION_PRO_ONTOLOGY_MAP.tsv:Protein.proID,MESH_CHEBI_MAP.tsv:Chemical.chebiID,0.684606032444483,0.7942215867637932,0.6894493
PHENOTYPE_HPO_MAP.tsv:Phenotype.umls,ENSEMBL_GENE_ENTREZ_GENE_MAP.tsv:Gene.type.2,0.6843456794952153,0.7945493440084492,0.6102675
ENSEMBL_GENE_ENTREZ_GENE_MAP.tsv:Gene.type.2,PHENOTYPE_HPO_MAP.tsv:Phenotype.umls,0.6843456794952153,0.7945493440084492,0.82396567
UNIPROT_PROTEIN_COFACTOR.tsv:Protein.proID,ENSEMBL_GENE_ENTREZ_GENE_MAP.tsv:Gene.type,0.6833777881601054,0.7957665728675949,0.006822793
ENSEMBL_GENE_ENTREZ_GENE_MAP.tsv:Gene.type,UNIPROT_PROTEIN_COFACTOR.tsv:Protein.proID,0.6833777881601054,0.7957665728675949,0.5681379
PHENOTYPE_HPO_MAP.tsv:Phenotype.umls,ENSEMBL_GENE_ENTREZ_GENE_MAP.tsv:Gene.EntrezID,0.681636314532097,0.7979520082897055,0.38808346
ENSEMBL_GENE_ENTREZ_GENE_MAP.tsv:Gene.EntrezID,PHENOTYPE_HPO_MAP.tsv:Phenotype.umls,0.681636314532097,0.7979520082897055,0.724442
STRING_PRO_ONTOLOGY_MAP.tsv:Protein.proID,ENSEMBL_GENE_ENTREZ_GENE_MAP.tsv:Gene.type.3,0.6811492980198791,0.7985620961448717,0.2923608
ENSEMBL_GENE_ENTREZ_GENE_MAP.tsv:Gene.type.3,STRING_PRO_ONTOLOGY_MAP.tsv:Protein.proID,0.6811492980198791,0.7985620961448717,0.7572981
UNIPROT_ACCESSION_PRO_ONTOLOGY_MAP.tsv:Protein.uniprotID,ENSEMBL_GENE_ENTREZ_GENE_MAP.tsv:Gene.type.3,0.6804180497565172,0.7994772700185118,0.2973865
ENSEMBL_GENE_ENTREZ_GENE_MAP.tsv:Gene.type.3,UNIPROT_ACCESSION_PRO_ONTOLOGY_MAP.tsv:Protein.uniprotID,0.6804180497565172,0.7994772700185118,0.64250946
PHENOTYPE_HPO_MAP.tsv:Phenotype.umls,UNIPROT_ACCESSION_PRO_ONTOLOGY_MAP.tsv:Protein.uniprotID,0.6798329510303491,0.800208800048695,0.6915243
UNIPROT_ACCESSION_PRO_ONTOLOGY_MAP.tsv:Protein.uniprotID,PHENOTYPE_HPO_MAP.tsv:Phenotype.umls,0.6798329510303491,0.800208800048695,0.69355404
UNIPROT_PROTEIN_CATALYST.tsv:Protein.proID,ENSEMBL_GENE_ENTREZ_GENE_MAP.tsv:Gene.type.3,0.6787452273607897,0.8015669398007083,0.29702538
ENSEMBL_GENE_ENTREZ_GENE_MAP.tsv:Gene.type.3,UNIPROT_PROTEIN_CATALYST.tsv:Protein.proID,0.6787452273607897,0.8015669398007083,0.6377014
STRING_PRO_ONTOLOGY_MAP.tsv:Protein.proID,ENSEMBL_GENE_ENTREZ_GENE_MAP.tsv:Gene.type.1,0.6777157324727704,0.8028502509426925,0.01652092
ENSEMBL_GENE_ENTREZ_GENE_MAP.tsv:Gene.type.1,STRING_PRO_ONTOLOGY_MAP.tsv:Protein.proID,0.6777157324727704,0.8028502509426925,0.73096704
UNIPROT_ACCESSION_PRO_ONTOLOGY_MAP.tsv:Protein.uniprotID,UNIPROT_PROTEIN_CATALYST.tsv:Catalyst.chebiID,0.6765153472256711,0.8043440288688076,0.6271572
UNIPROT_PROTEIN_CATALYST.tsv:Catalyst.chebiID,UNIPROT_ACCESSION_PRO_ONTOLOGY_MAP.tsv:Protein.uniprotID,0.6765153472256711,0.8043440288688076,0.6894493
UNIPROT_PROTEIN_CATALYST.tsv:Protein.proID,ENSEMBL_GENE_ENTREZ_GENE_MAP.tsv:Gene.type.1,0.6756724664377323,0.8053912425296044,0.014218664
ENSEMBL_GENE_ENTREZ_GENE_MAP.tsv:Gene.type.1,UNIPROT_PROTEIN_CATALYST.tsv:Protein.proID,0.6756724664377323,0.8053912425296044,0.6271572
UNIPROT_ACCESSION_PRO_ONTOLOGY_MAP.tsv:Protein.proID,ENSEMBL_GENE_ENTREZ_GENE_MAP.tsv:Gene.type,0.6754374728099677,0.805682956030086,0.01652092
ENSEMBL_GENE_ENTREZ_GENE_MAP.tsv:Gene.type,UNIPROT_ACCESSION_PRO_ONTOLOGY_MAP.tsv:Protein.proID,0.6754374728099677,0.805682956030086,0.63324445
UNIPROT_PROTEIN_COFACTOR.tsv:Protein.proID,ENSEMBL_GENE_ENTREZ_GENE_MAP.tsv:Gene.type.3,0.675180675150058,0.8060016737078826,0.30001545
ENSEMBL_GENE_ENTREZ_GENE_MAP.tsv:Gene.type.3,UNIPROT_PROTEIN_COFACTOR.tsv:Protein.proID,0.675180675150058,0.8060016737078826,0.5729159
PHENOTYPE_HPO_MAP.tsv:Phenotype.hpoID,ENSEMBL_GENE_ENTREZ_GENE_MAP.tsv:Gene.EntrezID,0.6747471843917608,0.8065392785031642,0.38808346
ENSEMBL_GENE_ENTREZ_GENE_MAP.tsv:Gene.EntrezID,PHENOTYPE_HPO_MAP.tsv:Phenotype.hpoID,0.6747471843917608,0.8065392785031642,0.7565331
PHENOTYPE_HPO_MAP.tsv:Phenotype.hpoID,ENSEMBL_GENE_ENTREZ_GENE_MAP.tsv:Gene.type.1,0.6746573439038419,0.8066506635037283,0.60309935
ENSEMBL_GENE_ENTREZ_GENE_MAP.tsv:Gene.type.1,PHENOTYPE_HPO_MAP.tsv:Phenotype.hpoID,0.6746573439038419,0.8066506635037283,0.8276881
STRING_PRO_ONTOLOGY_MAP.tsv:Protein.ensemblID,UNIPROT_PROTEIN_COFACTOR.tsv:Cofactor.chebiID,0.6743977231356528,0.8069724929090504,0.5578487
UNIPROT_PROTEIN_COFACTOR.tsv:Cofactor.chebiID,STRING_PRO_ONTOLOGY_MAP.tsv:Protein.ensemblID,0.6743977231356528,0.8069724929090504,0.84203404
UNIPROT_PROTEIN_COFACTOR.tsv:Protein.proID,ENSEMBL_GENE_ENTREZ_GENE_MAP.tsv:Gene.type.1,0.672914914203768,0.8088078836171015,0.016750619
ENSEMBL_GENE_ENTREZ_GENE_MAP.tsv:Gene.type.1,UNIPROT_PROTEIN_COFACTOR.tsv:Protein.proID,0.672914914203768,0.8088078836171015,0.5578487
PHENOTYPE_HPO_MAP.tsv:Phenotype.hpoID,UNIPROT_ACCESSION_PRO_ONTOLOGY_MAP.tsv:Protein.uniprotID,0.6722024006662248,0.8096883126877918,0.65862507
UNIPROT_ACCESSION_PRO_ONTOLOGY_MAP.tsv:Protein.uniprotID,PHENOTYPE_HPO_MAP.tsv:Phenotype.hpoID,0.6722024006662248,0.8096883126877918,0.93190885
UNIPROT_PROTEIN_CATALYST.tsv:Protein.proID,MESH_CHEBI_MAP.tsv:Chemical.meshID,0.6721629676845765,0.8097370465255824,0.6556741
MESH_CHEBI_MAP.tsv:Chemical.meshID,UNIPROT_PROTEIN_CATALYST.tsv:Protein.proID,0.6721629676845765,0.8097370465255824,0.66359496
PHENOTYPE_HPO_MAP.tsv:Phenotype.hpoID,ENSEMBL_GENE_ENTREZ_GENE_MAP.tsv:Gene.type,0.6706875081144322,0.8115571196966985,0.60251117
ENSEMBL_GENE_ENTREZ_GENE_MAP.tsv:Gene.type,PHENOTYPE_HPO_MAP.tsv:Phenotype.hpoID,0.6706875081144322,0.8115571196966985,0.8773171
UNIPROT_ACCESSION_PRO_ONTOLOGY_MAP.tsv:Protein.uniprotID,UNIPROT_PROTEIN_COFACTOR.tsv:Cofactor.chebiID,0.6698570936963597,0.8125797290590981,0.6035327
UNIPROT_PROTEIN_COFACTOR.tsv:Cofactor.chebiID,UNIPROT_ACCESSION_PRO_ONTOLOGY_MAP.tsv:Protein.uniprotID,0.6698570936963597,0.8125797290590981,0.724442
UNIPROT_PROTEIN_COFACTOR.tsv:Protein.proID,MESH_CHEBI_MAP.tsv:Chemical.meshID,0.6694537771568231,0.8130759502090726,0.6610925
MESH_CHEBI_MAP.tsv:Chemical.meshID,UNIPROT_PROTEIN_COFACTOR.tsv:Protein.proID,0.6694537771568231,0.8130759502090726,0.6610925
STRING_PRO_ONTOLOGY_MAP.tsv:Protein.proID,MESH_CHEBI_MAP.tsv:Chemical.meshID,0.6692194189420787,0.8133641165933464,0.66156125
MESH_CHEBI_MAP.tsv:Chemical.meshID,STRING_PRO_ONTOLOGY_MAP.tsv:Protein.proID,0.6692194189420787,0.8133641165933464,0.7700739
PHENOTYPE_HPO_MAP.tsv:Phenotype.umls,MESH_CHEBI_MAP.tsv:Chemical.meshID,0.668202552564471,0.8146133876317319,0.70061576
MESH_CHEBI_MAP.tsv:Chemical.meshID,PHENOTYPE_HPO_MAP.tsv:Phenotype.umls,0.668202552564471,0.8146133876317319,0.7745706
UNIPROT_ACCESSION_PRO_ONTOLOGY_MAP.tsv:Protein.uniprotID,ENSEMBL_GENE_ENTREZ_GENE_MAP.tsv:Gene.type.2,0.6665578084084417,0.8166298656638011,0.17291988
ENSEMBL_GENE_ENTREZ_GENE_MAP.tsv:Gene.type.2,UNIPROT_ACCESSION_PRO_ONTOLOGY_MAP.tsv:Protein.uniprotID,0.6665578084084417,0.8166298656638011,0.67808604
STRING_PRO_ONTOLOGY_MAP.tsv:Protein.ensemblID,PHENOTYPE_HPO_MAP.tsv:Phenotype.umls,0.6651520191529677,0.8183495812364006,0.66969603
PHENOTYPE_HPO_MAP.tsv:Phenotype.umls,STRING_PRO_ONTOLOGY_MAP.tsv:Protein.ensemblID,0.6651520191529677,0.8183495812364006,0.736487
STRING_PRO_ONTOLOGY_MAP.tsv:Protein.proID,ENSEMBL_GENE_ENTREZ_GENE_MAP.tsv:Gene.type.2,0.6644947334464474,0.8191523060197117,0.15557839
ENSEMBL_GENE_ENTREZ_GENE_MAP.tsv:Gene.type.2,STRING_PRO_ONTOLOGY_MAP.tsv:Protein.proID,0.6644947334464474,0.8191523060197117,0.7700739
UNIPROT_ACCESSION_PRO_ONTOLOGY_MAP.tsv:Protein.proID,MESH_CHEBI_MAP.tsv:Chemical.meshID,0.6636995159457421,0.8201225388157743,0.67949647
MESH_CHEBI_MAP.tsv:Chemical.meshID,UNIPROT_ACCESSION_PRO_ONTOLOGY_MAP.tsv:Protein.proID,0.6636995159457421,0.8201225388157743,0.69355404
UNIPROT_ACCESSION_PRO_ONTOLOGY_MAP.tsv:Protein.proID,ENSEMBL_GENE_ENTREZ_GENE_MAP.tsv:Gene.type.3,0.6628296057979958,0.8211825576125777,0.31337178
ENSEMBL_GENE_ENTREZ_GENE_MAP.tsv:Gene.type.3,UNIPROT_ACCESSION_PRO_ONTOLOGY_MAP.tsv:Protein.proID,0.6628296057979958,0.8211825576125777,0.6496387
STRING_PRO_ONTOLOGY_MAP.tsv:Protein.proID,UNIPROT_PROTEIN_CATALYST.tsv:Catalyst.chebiID,0.6626122782408576,0.8214471794497135,0.6237549
UNIPROT_PROTEIN_CATALYST.tsv:Catalyst.chebiID,STRING_PRO_ONTOLOGY_MAP.tsv:Protein.proID,0.6626122782408576,0.8214471794497135,0.82396567
UNIPROT_PROTEIN_CATALYST.tsv:Protein.proID,UNIPROT_PROTEIN_CATALYST.tsv:Catalyst.chebiID,0.6624415879928549,0.8216549428262679,0.6249433
UNIPROT_PROTEIN_CATALYST.tsv:Catalyst.chebiID,UNIPROT_PROTEIN_CATALYST.tsv:Protein.proID,0.6624415879928549,0.8216549428262679,0.6809153
PHENOTYPE_HPO_MAP.tsv:Phenotype.hpoID,ENSEMBL_GENE_ENTREZ_GENE_MAP.tsv:Gene.type.3,0.6613813873230777,0.822944247157637,0.6220238
ENSEMBL_GENE_ENTREZ_GENE_MAP.tsv:Gene.type.3,PHENOTYPE_HPO_MAP.tsv:Phenotype.hpoID,0.6613813873230777,0.822944247157637,0.84203404
STRING_PRO_ONTOLOGY_MAP.tsv:Protein.proID,UNIPROT_PROTEIN_COFACTOR.tsv:Cofactor.chebiID,0.660959582065479,0.8234566490687002,0.60251117
UNIPROT_PROTEIN_COFACTOR.tsv:Cofactor.chebiID,STRING_PRO_ONTOLOGY_MAP.tsv:Protein.proID,0.660959582065479,0.8234566490687002,0.8654203
UNIPROT_PROTEIN_CATALYST.tsv:Protein.proID,ENSEMBL_GENE_ENTREZ_GENE_MAP.tsv:Gene.type.2,0.6609569701874469,0.8234597880585925,0.16134074
ENSEMBL_GENE_ENTREZ_GENE_MAP.tsv:Gene.type.2,UNIPROT_PROTEIN_CATALYST.tsv:Protein.proID,0.6609569701874469,0.8234597880585925,0.6668844
UNIPROT_ACCESSION_PRO_ONTOLOGY_MAP.tsv:Protein.proID,ENSEMBL_GENE_ENTREZ_GENE_MAP.tsv:Gene.type.1,0.6602517436235107,0.8243157699522092,0.016750619
ENSEMBL_GENE_ENTREZ_GENE_MAP.tsv:Gene.type.1,UNIPROT_ACCESSION_PRO_ONTOLOGY_MAP.tsv:Protein.proID,0.6602517436235107,0.8243157699522092,0.65068525
UNIPROT_PROTEIN_COFACTOR.tsv:Protein.proID,UNIPROT_PROTEIN_COFACTOR.tsv:Cofactor.chebiID,0.6596857146529834,0.8250021938131428,0.6049791
UNIPROT_PROTEIN_COFACTOR.tsv:Cofactor.chebiID,UNIPROT_PROTEIN_COFACTOR.tsv:Protein.proID,0.6596857146529834,0.8250021938131428,0.6806286
UNIPROT_PROTEIN_CATALYST.tsv:Protein.proID,UNIPROT_PROTEIN_COFACTOR.tsv:Cofactor.chebiID,0.6596258747294204,0.8250747017918381,0.60309935
UNIPROT_PROTEIN_COFACTOR.tsv:Cofactor.chebiID,UNIPROT_PROTEIN_CATALYST.tsv:Protein.proID,0.6596258747294204,0.8250747017918381,0.6845156
UNIPROT_PROTEIN_COFACTOR.tsv:Protein.proID,UNIPROT_PROTEIN_CATALYST.tsv:Catalyst.chebiID,0.6595423795270757,0.8251759196119773,0.63324445
UNIPROT_PROTEIN_CATALYST.tsv:Catalyst.chebiID,UNIPROT_PROTEIN_COFACTOR.tsv:Protein.proID,0.6595423795270757,0.8251759196119773,0.6747755
MESH_CHEBI_MAP.tsv:Chemical.meshID,ENSEMBL_GENE_ENTREZ_GENE_MAP.tsv:Gene.EntrezID,0.6586723483735064,0.8262295845059597,0.33645946
ENSEMBL_GENE_ENTREZ_GENE_MAP.tsv:Gene.EntrezID,MESH_CHEBI_MAP.tsv:Chemical.meshID,0.6586723483735064,0.8262295845059597,0.63672745
UNIPROT_PROTEIN_COFACTOR.tsv:Protein.proID,ENSEMBL_GENE_ENTREZ_GENE_MAP.tsv:Gene.type.2,0.6582792266312538,0.8267052350307974,0.16508435
ENSEMBL_GENE_ENTREZ_GENE_MAP.tsv:Gene.type.2,UNIPROT_PROTEIN_COFACTOR.tsv:Protein.proID,0.6582792266312538,0.8267052350307974,0.5955342
UNIPROT_PROTEIN_COFACTOR.tsv:Cofactor.chebiID,ENSEMBL_GENE_ENTREZ_GENE_MAP.tsv:Gene.ensemblID,0.6577422346881204,0.8273545544432686,0.0
ENSEMBL_GENE_ENTREZ_GENE_MAP.tsv:Gene.ensemblID,UNIPROT_PROTEIN_COFACTOR.tsv:Cofactor.chebiID,0.6577422346881204,0.8273545544432686,0.51080346
PHENOTYPE_HPO_MAP.tsv:Phenotype.hpoID,MESH_CHEBI_MAP.tsv:Chemical.chebiID,0.6577148481147626,0.8273876365326158,0.6846313
MESH_CHEBI_MAP.tsv:Chemical.chebiID,PHENOTYPE_HPO_MAP.tsv:Phenotype.hpoID,0.6577148481147626,0.8273876365326158,0.94653034
PHENOTYPE_HPO_MAP.tsv:Phenotype.hpoID,ENSEMBL_GENE_ENTREZ_GENE_MAP.tsv:Gene.type.2,0.6576843259388628,0.82742450094074,0.6049791
ENSEMBL_GENE_ENTREZ_GENE_MAP.tsv:Gene.type.2,PHENOTYPE_HPO_MAP.tsv:Phenotype.hpoID,0.6576843259388628,0.82742450094074,0.8654203
UNIPROT_PROTEIN_CATALYST.tsv:Catalyst.chebiID,ENSEMBL_GENE_ENTREZ_GENE_MAP.tsv:Gene.EntrezID,0.657218538697693,0.827987286347746,0.13474563
ENSEMBL_GENE_ENTREZ_GENE_MAP.tsv:Gene.EntrezID,UNIPROT_PROTEIN_CATALYST.tsv:Catalyst.chebiID,0.657218538697693,0.827987286347746,0.5607033
UNIPROT_ACCESSION_PRO_ONTOLOGY_MAP.tsv:Protein.proID,UNIPROT_PROTEIN_CATALYST.tsv:Catalyst.chebiID,0.6552753549574012,0.8303308385872947,0.64912504
UNIPROT_PROTEIN_CATALYST.tsv:Catalyst.chebiID,UNIPROT_ACCESSION_PRO_ONTOLOGY_MAP.tsv:Protein.proID,0.6552753549574012,0.8303308385872947,0.72949445
MESH_CHEBI_MAP.tsv:Chemical.chebiID,ENSEMBL_GENE_ENTREZ_GENE_MAP.tsv:Gene.type.1,0.6544388475373287,0.8313376660802553,0.33645946
ENSEMBL_GENE_ENTREZ_GENE_MAP.tsv:Gene.type.1,MESH_CHEBI_MAP.tsv:Chemical.chebiID,0.6544388475373287,0.8313376660802553,0.67949647
STRING_PRO_ONTOLOGY_MAP.tsv:Protein.proID,PHENOTYPE_HPO_MAP.tsv:Phenotype.umls,0.6542378445170364,0.8315794324589318,0.6915243
PHENOTYPE_HPO_MAP.tsv:Phenotype.umls,STRING_PRO_ONTOLOGY_MAP.tsv:Protein.proID,0.6542378445170364,0.8315794324589318,0.74743116
UNIPROT_ACCESSION_PRO_ONTOLOGY_MAP.tsv:Protein.uniprotID,MESH_CHEBI_MAP.tsv:Chemical.meshID,0.6532230200605591,0.8327988780719862,0.6469693
MESH_CHEBI_MAP.tsv:Chemical.meshID,UNIPROT_ACCESSION_PRO_ONTOLOGY_MAP.tsv:Protein.uniprotID,0.6532230200605591,0.8327988780719862,0.6826553
UNIPROT_ACCESSION_PRO_ONTOLOGY_MAP.tsv:Protein.proID,UNIPROT_PROTEIN_COFACTOR.tsv:Cofactor.chebiID,0.6527594825106497,0.8333552892274365,0.62919766
UNIPROT_PROTEIN_COFACTOR.tsv:Cofactor.chebiID,UNIPROT_ACCESSION_PRO_ONTOLOGY_MAP.tsv:Protein.proID,0.6527594825106497,0.8333552892274365,0.77350706
PHENOTYPE_HPO_MAP.tsv:Phenotype.umls,UNIPROT_PROTEIN_CATALYST.tsv:Protein.proID,0.6518384799004902,0.8344597520662964,0.66359496
UNIPROT_PROTEIN_CATALYST.tsv:Protein.proID,PHENOTYPE_HPO_MAP.tsv:Phenotype.umls,0.6518384799004902,0.8344597520662964,0.69632304
PHENOTYPE_HPO_MAP.tsv:Phenotype.umls,UNIPROT_PROTEIN_COFACTOR.tsv:Protein.proID,0.6496921697285108,0.8370279180312912,0.63672745
UNIPROT_PROTEIN_COFACTOR.tsv:Protein.proID,PHENOTYPE_HPO_MAP.tsv:Phenotype.umls,0.6496921697285108,0.8370279180312912,0.70061576
MESH_CHEBI_MAP.tsv:Chemical.chebiID,ENSEMBL_GENE_ENTREZ_GENE_MAP.tsv:Gene.type.3,0.6489758308031452,0.837883272505201,0.5860103
ENSEMBL_GENE_ENTREZ_GENE_MAP.tsv:Gene.type.3,MESH_CHEBI_MAP.tsv:Chemical.chebiID,0.6489758308031452,0.837883272505201,0.6772372
PHENOTYPE_HPO_MAP.tsv:Phenotype.umls,MESH_CHEBI_MAP.tsv:Chemical.chebiID,0.6438154999791965,0.8440195873750059,0.7123691
MESH_CHEBI_MAP.tsv:Chemical.chebiID,PHENOTYPE_HPO_MAP.tsv:Phenotype.umls,0.6438154999791965,0.8440195873750059,0.73893106
UNIPROT_ACCESSION_PRO_ONTOLOGY_MAP.tsv:Protein.proID,ENSEMBL_GENE_ENTREZ_GENE_MAP.tsv:Gene.type.2,0.6435148673371722,0.8443756367394368,0.17291988
ENSEMBL_GENE_ENTREZ_GENE_MAP.tsv:Gene.type.2,UNIPROT_ACCESSION_PRO_ONTOLOGY_MAP.tsv:Protein.proID,0.6435148673371722,0.8443756367394368,0.6834415
ENSEMBL_GENE_ENTREZ_GENE_MAP.tsv:Gene.type.4,ENSEMBL_GENE_ENTREZ_GENE_MAP.tsv:Gene.ensemblID,0.6421445617706122,0.8459969951198834,0.0
ENSEMBL_GENE_ENTREZ_GENE_MAP.tsv:Gene.ensemblID,ENSEMBL_GENE_ENTREZ_GENE_MAP.tsv:Gene.type.4,0.6421445617706122,0.8459969951198834,0.45182636
UNIPROT_PROTEIN_COFACTOR.tsv:Cofactor.chebiID,ENSEMBL_GENE_ENTREZ_GENE_MAP.tsv:Gene.EntrezID,0.6377789701678575,0.8511416309844617,0.19710177
ENSEMBL_GENE_ENTREZ_GENE_MAP.tsv:Gene.EntrezID,UNIPROT_PROTEIN_COFACTOR.tsv:Cofactor.chebiID,0.6377789701678575,0.8511416309844617,0.5439069
PHENOTYPE_HPO_MAP.tsv:Phenotype.hpoID,MESH_CHEBI_MAP.tsv:Chemical.meshID,0.6357553135340289,0.8535158983367794,0.6845703
MESH_CHEBI_MAP.tsv:Chemical.meshID,PHENOTYPE_HPO_MAP.tsv:Phenotype.hpoID,0.6357553135340289,0.8535158983367794,0.94566315
PHENOTYPE_HPO_MAP.tsv:Phenotype.hpoID,UNIPROT_PROTEIN_CATALYST.tsv:Catalyst.chebiID,0.6352527723143232,0.8541044852964121,0.6555952
UNIPROT_PROTEIN_CATALYST.tsv:Catalyst.chebiID,PHENOTYPE_HPO_MAP.tsv:Phenotype.hpoID,0.6352527723143232,0.8541044852964121,1.0373902
MESH_CHEBI_MAP.tsv:Chemical.meshID,ENSEMBL_GENE_ENTREZ_GENE_MAP.tsv:Gene.type.1,0.6345165047691292,0.8549660928154997,0.5031086
ENSEMBL_GENE_ENTREZ_GENE_MAP.tsv:Gene.type.1,MESH_CHEBI_MAP.tsv:Chemical.meshID,0.6345165047691292,0.8549660928154997,0.6541702
MESH_CHEBI_MAP.tsv:Chemical.chebiID,ENSEMBL_GENE_ENTREZ_GENE_MAP.tsv:Gene.type.2,0.6324976509576669,0.8573241417613946,0.57760906
ENSEMBL_GENE_ENTREZ_GENE_MAP.tsv:Gene.type.2,MESH_CHEBI_MAP.tsv:Chemical.chebiID,0.6324976509576669,0.8573241417613946,0.71297026
PHENOTYPE_HPO_MAP.tsv:Phenotype.umls,UNIPROT_ACCESSION_PRO_ONTOLOGY_MAP.tsv:Protein.proID,0.631756521914768,0.8581881991687547,0.69632304
UNIPROT_ACCESSION_PRO_ONTOLOGY_MAP.tsv:Protein.proID,PHENOTYPE_HPO_MAP.tsv:Phenotype.umls,0.631756521914768,0.8581881991687547,0.736487
MESH_CHEBI_MAP.tsv:Chemical.chebiID,ENSEMBL_GENE_ENTREZ_GENE_MAP.tsv:Gene.type,0.6305344550906882,0.859611013303218,0.2014178
ENSEMBL_GENE_ENTREZ_GENE_MAP.tsv:Gene.type,MESH_CHEBI_MAP.tsv:Chemical.chebiID,0.6305344550906882,0.859611013303218,0.65862507
PHENOTYPE_HPO_MAP.tsv:Phenotype.umls,UNIPROT_PROTEIN_CATALYST.tsv:Catalyst.chebiID,0.6262844836120764,0.8645409877585822,0.66969603
UNIPROT_PROTEIN_CATALYST.tsv:Catalyst.chebiID,PHENOTYPE_HPO_MAP.tsv:Phenotype.umls,0.6262844836120764,0.8645409877585822,0.8266861
ENSEMBL_GENE_ENTREZ_GENE_MAP.tsv:Gene.type.4,ENSEMBL_GENE_ENTREZ_GENE_MAP.tsv:Gene.EntrezID,0.6217334841973925,0.8697890888596146,0.38671428
ENSEMBL_GENE_ENTREZ_GENE_MAP.tsv:Gene.EntrezID,ENSEMBL_GENE_ENTREZ_GENE_MAP.tsv:Gene.type.4,0.6217334841973925,0.8697890888596146,0.47149113
MESH_CHEBI_MAP.tsv:Chemical.meshID,ENSEMBL_GENE_ENTREZ_GENE_MAP.tsv:Gene.type.3,0.6213509483827366,0.870228800777806,0.6024604
ENSEMBL_GENE_ENTREZ_GENE_MAP.tsv:Gene.type.3,MESH_CHEBI_MAP.tsv:Chemical.meshID,0.6213509483827366,0.870228800777806,0.67434084
MESH_CHEBI_MAP.tsv:Chemical.meshID,ENSEMBL_GENE_ENTREZ_GENE_MAP.tsv:Gene.type.2,0.614963016658202,0.8775385870018707,0.5884578
ENSEMBL_GENE_ENTREZ_GENE_MAP.tsv:Gene.type.2,MESH_CHEBI_MAP.tsv:Chemical.meshID,0.614963016658202,0.8775385870018707,0.6846313
PHENOTYPE_HPO_MAP.tsv:Phenotype.hpoID,UNIPROT_PROTEIN_COFACTOR.tsv:Cofactor.chebiID,0.6132464697140743,0.8794925062992788,0.65050566
UNIPROT_PROTEIN_COFACTOR.tsv:Cofactor.chebiID,PHENOTYPE_HPO_MAP.tsv:Phenotype.hpoID,0.6132464697140743,0.8794925062992788,1.050208
MESH_CHEBI_MAP.tsv:Chemical.meshID,ENSEMBL_GENE_ENTREZ_GENE_MAP.tsv:Gene.type,0.6127147208180198,0.8800969166885448,0.41618705
ENSEMBL_GENE_ENTREZ_GENE_MAP.tsv:Gene.type,MESH_CHEBI_MAP.tsv:Chemical.meshID,0.6127147208180198,0.8800969166885448,0.64912504
PHENOTYPE_HPO_MAP.tsv:Phenotype.umls,ENSEMBL_GENE_ENTREZ_GENE_MAP.tsv:Gene.type.4,0.6097382145891903,0.8834725025308627,0.6313087
ENSEMBL_GENE_ENTREZ_GENE_MAP.tsv:Gene.type.4,PHENOTYPE_HPO_MAP.tsv:Phenotype.umls,0.6097382145891903,0.8834725025308627,1.0373902
UNIPROT_PROTEIN_CATALYST.tsv:Catalyst.chebiID,ENSEMBL_GENE_ENTREZ_GENE_MAP.tsv:Gene.type.1,0.6084411363171964,0.8849394100957503,0.41618705
ENSEMBL_GENE_ENTREZ_GENE_MAP.tsv:Gene.type.1,UNIPROT_PROTEIN_CATALYST.tsv:Catalyst.chebiID,0.6084411363171964,0.8849394100957503,0.64456856
UNIPROT_PROTEIN_CATALYST.tsv:Catalyst.chebiID,ENSEMBL_GENE_ENTREZ_GENE_MAP.tsv:Gene.type.3,0.6020292201272144,0.8921556064318381,0.627195
ENSEMBL_GENE_ENTREZ_GENE_MAP.tsv:Gene.type.3,UNIPROT_PROTEIN_CATALYST.tsv:Catalyst.chebiID,0.6020292201272144,0.8921556064318381,0.639164
PHENOTYPE_HPO_MAP.tsv:Phenotype.umls,UNIPROT_PROTEIN_COFACTOR.tsv:Cofactor.chebiID,0.5889669607688938,0.9066786442373101,0.64033407
UNIPROT_PROTEIN_COFACTOR.tsv:Cofactor.chebiID,PHENOTYPE_HPO_MAP.tsv:Phenotype.umls,0.5889669607688938,0.9066786442373101,0.8773171
UNIPROT_PROTEIN_CATALYST.tsv:Catalyst.chebiID,ENSEMBL_GENE_ENTREZ_GENE_MAP.tsv:Gene.type.2,0.5880171072382772,0.907725614696749,0.62365615
ENSEMBL_GENE_ENTREZ_GENE_MAP.tsv:Gene.type.2,UNIPROT_PROTEIN_CATALYST.tsv:Catalyst.chebiID,0.5880171072382772,0.907725614696749,0.6710105
UNIPROT_PROTEIN_CATALYST.tsv:Catalyst.chebiID,ENSEMBL_GENE_ENTREZ_GENE_MAP.tsv:Gene.type,0.5866569749921375,0.9092227872037637,0.19710177
ENSEMBL_GENE_ENTREZ_GENE_MAP.tsv:Gene.type,UNIPROT_PROTEIN_CATALYST.tsv:Catalyst.chebiID,0.5866569749921375,0.9092227872037637,0.6237549
UNIPROT_PROTEIN_COFACTOR.tsv:Cofactor.chebiID,ENSEMBL_GENE_ENTREZ_GENE_MAP.tsv:Gene.type.1,0.5861559948647656,0.9097736170401849,0.5031086
ENSEMBL_GENE_ENTREZ_GENE_MAP.tsv:Gene.type.1,UNIPROT_PROTEIN_COFACTOR.tsv:Cofactor.chebiID,0.5861559948647656,0.9097736170401849,0.57874954
ENSEMBL_GENE_ENTREZ_GENE_MAP.tsv:Gene.type.3,UNIPROT_PROTEIN_COFACTOR.tsv:Cofactor.chebiID,0.5789829943285633,0.9176241449193796,0.6102675
UNIPROT_PROTEIN_COFACTOR.tsv:Cofactor.chebiID,ENSEMBL_GENE_ENTREZ_GENE_MAP.tsv:Gene.type.3,0.5789829943285633,0.9176241449193796,0.66028583
PHENOTYPE_HPO_MAP.tsv:Phenotype.hpoID,ENSEMBL_GENE_ENTREZ_GENE_MAP.tsv:Gene.type.4,0.5777285636771409,0.9189901485356738,0.6224017
ENSEMBL_GENE_ENTREZ_GENE_MAP.tsv:Gene.type.4,PHENOTYPE_HPO_MAP.tsv:Phenotype.hpoID,0.5777285636771409,0.9189901485356738,1.050208
STRING_PRO_ONTOLOGY_MAP.tsv:Protein.ensemblID,ENSEMBL_GENE_ENTREZ_GENE_MAP.tsv:Gene.type.4,0.5747331283346246,0.9222439054470679,0.31337178
ENSEMBL_GENE_ENTREZ_GENE_MAP.tsv:Gene.type.4,STRING_PRO_ONTOLOGY_MAP.tsv:Protein.ensemblID,0.5747331283346246,0.9222439054470679,0.94599855
ENSEMBL_GENE_ENTREZ_GENE_MAP.tsv:Gene.type.2,UNIPROT_PROTEIN_COFACTOR.tsv:Cofactor.chebiID,0.5672898331455095,0.9302797050327591,0.6313087
UNIPROT_PROTEIN_COFACTOR.tsv:Cofactor.chebiID,ENSEMBL_GENE_ENTREZ_GENE_MAP.tsv:Gene.type.2,0.5672898331455095,0.9302797050327591,0.6512046
UNIPROT_PROTEIN_COFACTOR.tsv:Cofactor.chebiID,ENSEMBL_GENE_ENTREZ_GENE_MAP.tsv:Gene.type,0.5613414840337381,0.9366520430294442,0.2014178
ENSEMBL_GENE_ENTREZ_GENE_MAP.tsv:Gene.type,UNIPROT_PROTEIN_COFACTOR.tsv:Cofactor.chebiID,0.5613414840337381,0.9366520430294442,0.59296453
UNIPROT_ACCESSION_PRO_ONTOLOGY_MAP.tsv:Protein.uniprotID,ENSEMBL_GENE_ENTREZ_GENE_MAP.tsv:Gene.type.4,0.5340456237469217,0.96535422009978,0.48797002
ENSEMBL_GENE_ENTREZ_GENE_MAP.tsv:Gene.type.4,UNIPROT_ACCESSION_PRO_ONTOLOGY_MAP.tsv:Protein.uniprotID,0.5340456237469217,0.96535422009978,0.9345498
UNIPROT_PROTEIN_CATALYST.tsv:Protein.proID,ENSEMBL_GENE_ENTREZ_GENE_MAP.tsv:Gene.type.4,0.5327251034068925,0.966721171757255,0.517618
ENSEMBL_GENE_ENTREZ_GENE_MAP.tsv:Gene.type.4,UNIPROT_PROTEIN_CATALYST.tsv:Protein.proID,0.5327251034068925,0.966721171757255,0.85053384
UNIPROT_PROTEIN_COFACTOR.tsv:Protein.proID,ENSEMBL_GENE_ENTREZ_GENE_MAP.tsv:Gene.type.4,0.5311193584903549,0.9683807947357094,0.5230986
ENSEMBL_GENE_ENTREZ_GENE_MAP.tsv:Gene.type.4,UNIPROT_PROTEIN_COFACTOR.tsv:Protein.proID,0.5311193584903549,0.9683807947357094,0.78052366
UNIPROT_ACCESSION_PRO_ONTOLOGY_MAP.tsv:Protein.proID,ENSEMBL_GENE_ENTREZ_GENE_MAP.tsv:Gene.type.4,0.5280071050190561,0.9715893202422285,0.5336977
ENSEMBL_GENE_ENTREZ_GENE_MAP.tsv:Gene.type.4,UNIPROT_ACCESSION_PRO_ONTOLOGY_MAP.tsv:Protein.proID,0.5280071050190561,0.9715893202422285,0.9377613
MESH_CHEBI_MAP.tsv:Chemical.meshID,ENSEMBL_GENE_ENTREZ_GENE_MAP.tsv:Gene.type.4,0.5271685055823946,0.972452095363244,0.6556741
ENSEMBL_GENE_ENTREZ_GENE_MAP.tsv:Gene.type.4,MESH_CHEBI_MAP.tsv:Chemical.meshID,0.5271685055823946,0.972452095363244,0.94398576
STRING_PRO_ONTOLOGY_MAP.tsv:Protein.proID,ENSEMBL_GENE_ENTREZ_GENE_MAP.tsv:Gene.type.4,0.5270007081942175,0.972624604058479,0.51080346
ENSEMBL_GENE_ENTREZ_GENE_MAP.tsv:Gene.type.4,STRING_PRO_ONTOLOGY_MAP.tsv:Protein.proID,0.5270007081942175,0.972624604058479,0.94653034
MESH_CHEBI_MAP.tsv:Chemical.chebiID,ENSEMBL_GENE_ENTREZ_GENE_MAP.tsv:Gene.type.4,0.5267348531252862,0.9728979178498652,0.6035327
ENSEMBL_GENE_ENTREZ_GENE_MAP.tsv:Gene.type.4,MESH_CHEBI_MAP.tsv:Chemical.chebiID,0.5267348531252862,0.9728979178498652,0.94566315
UNIPROT_PROTEIN_CATALYST.tsv:Catalyst.chebiID,ENSEMBL_GENE_ENTREZ_GENE_MAP.tsv:Gene.type.4,0.48130489397373427,1.0185235934992993,0.6469693
ENSEMBL_GENE_ENTREZ_GENE_MAP.tsv:Gene.type.4,UNIPROT_PROTEIN_CATALYST.tsv:Catalyst.chebiID,0.48130489397373427,1.0185235934992993,0.93190885
UNIPROT_PROTEIN_COFACTOR.tsv:Cofactor.chebiID,ENSEMBL_GENE_ENTREZ_GENE_MAP.tsv:Gene.type.4,0.4748960904678053,1.0247965193327662,0.6780808
ENSEMBL_GENE_ENTREZ_GENE_MAP.tsv:Gene.type.4,UNIPROT_PROTEIN_COFACTOR.tsv:Cofactor.chebiID,0.4748960904678053,1.0247965193327662,0.8445429
